<?xml version="1.0" encoding="UTF-8"?>
<project-private xmlns="http://www.netbeans.org/ns/project-private/1">
    <editor-bookmarks xmlns="http://www.netbeans.org/ns/editor-bookmarks/2" lastBookmarkId="0"/>
    <open-files xmlns="http://www.netbeans.org/ns/projectui-open-files/2">
        <group>
            <file>file:/C:/Users/Arninho/Desktop/Aulas%20Eng.%20Computação/Semestres/6º%20Semestre/Programação%20Orientada%20a%20Objetos/Listas/Lista%201/Ex10_Lista1/src/ex10_lista1/Principal.java</file>
            <file>file:/C:/Users/Arninho/Desktop/Aulas%20Eng.%20Computação/Semestres/6º%20Semestre/Programação%20Orientada%20a%20Objetos/Listas/Lista%201/Ex10_Lista1/src/ex10_lista1/Estudante.java</file>
        </group>
    </open-files>
</project-private>
